/*
 Navicat Premium Data Transfer

 Source Server         : cevr_47.93.254.154
 Source Server Type    : MySQL
 Source Server Version : 50635
 Source Host           : 47.93.254.154
 Source Database       : cevr

 Target Server Type    : MySQL
 Target Server Version : 50635
 File Encoding         : utf-8

 Date: 05/23/2018 09:26:25 AM
*/

SET NAMES utf8mb4;
SET FOREIGN_KEY_CHECKS = 0;

-- ----------------------------
--  Table structure for `biz_car_1001`
-- ----------------------------
DROP TABLE IF EXISTS `biz_car_1001`;
CREATE TABLE `biz_car_1001` (
  `id` varchar(50) NOT NULL COMMENT '主键',
  `car_name` varchar(50) NOT NULL COMMENT '车辆品牌',
  `car_nickname` varchar(50) DEFAULT NULL COMMENT '车辆别名',
  `car_info` varchar(500) DEFAULT NULL COMMENT '车辆信息',
  `car_no` varchar(100) DEFAULT NULL COMMENT '车辆编号',
  `group_id` varchar(30) DEFAULT NULL COMMENT '分组ID',
  `deleteflag` varchar(2) DEFAULT '0' COMMENT '删除标记',
  `cancleflag` varchar(2) DEFAULT '0' COMMENT '取消标记',
  `holdflag` varchar(2) DEFAULT '0' COMMENT '冻结标记',
  `createtime` datetime DEFAULT NULL COMMENT '创建时间',
  `updatetime` datetime DEFAULT NULL COMMENT '最后修改时间',
  `operator_id` varchar(20) DEFAULT NULL COMMENT '最后操作人',
  PRIMARY KEY (`id`)
) ENGINE=InnoDB DEFAULT CHARSET=utf8;

-- ----------------------------
--  Records of `biz_car_1001`
-- ----------------------------
BEGIN;
INSERT INTO `biz_car_1001` VALUES ('1', '北汽EC180', '北汽EC180', '北汽EC180', '001', '1', '0', '0', '0', '2017-06-08 19:05:26', null, '0000'), ('10', '东风风神E70', '东风风神E70', '东风风神E70', '005', '2', '0', '0', '0', '2017-06-13 16:49:11', null, '0000'), ('11', '比亚迪秦EV', '比亚迪秦EV', '比亚迪秦EV', '006', '2', '1', '1', '1', '2017-06-13 16:47:53', null, '0000'), ('12', '比亚迪宋EV', '比亚迪宋EV', '比亚迪宋EV', '003', '3', '0', '0', '0', '2017-06-13 16:50:23', null, '0000'), ('2', '长安新奔奔EV', '长安新奔奔EV', '长安新奔奔EV', '002', '1', '0', '0', '0', '2017-06-08 19:41:37', null, '0000'), ('3', '众泰E200', '众泰E200', '众泰 E200', '003', '1', '0', '0', '0', '2017-06-08 19:42:39', null, '0000'), ('4', '北汽EH300', '北汽EH300', '北汽EH300', '001', '2', '0', '0', '0', '2017-06-08 19:45:49', null, '0000'), ('5', '北汽EU400', '北汽EU400', '北汽EU400', '002', '2', '0', '0', '0', '2017-06-08 19:46:13', null, '0000'), ('6', '吉利帝豪EV300', '吉利帝豪EV300', '吉利帝豪EV300', '003', '2', '1', '1', '1', '2017-06-08 19:46:36', null, '0000'), ('7', '北汽EX260', '北汽EX260', '北汽EX260', '001', '3', '0', '0', '0', '2017-06-08 19:46:58', null, '0000'), ('8', '上汽ERX5', '上汽ERX5', '上汽ERX5', '002', '3', '0', '0', '0', '2017-06-08 19:47:23', null, '0000'), ('9', '东风风神E30', '东风风神E30', '东风风神E30', '005', '1', '0', '0', '0', '2017-06-13 16:47:53', null, '0000');
COMMIT;

-- ----------------------------
--  Table structure for `biz_car_group_1002`
-- ----------------------------
DROP TABLE IF EXISTS `biz_car_group_1002`;
CREATE TABLE `biz_car_group_1002` (
  `id` varchar(50) NOT NULL,
  `group_name` varchar(50) DEFAULT NULL COMMENT '分组名称',
  `group_info` varchar(255) DEFAULT NULL COMMENT '分组信息',
  `order_num` varchar(50) DEFAULT NULL,
  `deleteflag` varchar(2) DEFAULT '0' COMMENT '删除标记',
  `cancleflag` varchar(2) DEFAULT '0' COMMENT '取消标记',
  `holdflag` varchar(2) DEFAULT '0' COMMENT '冻结标记',
  `createtime` datetime DEFAULT NULL COMMENT '创建时间',
  `updatetime` datetime DEFAULT NULL COMMENT '最后修改时间',
  `operator_id` varchar(50) DEFAULT NULL COMMENT '操作人',
  PRIMARY KEY (`id`)
) ENGINE=InnoDB DEFAULT CHARSET=utf8;

-- ----------------------------
--  Records of `biz_car_group_1002`
-- ----------------------------
BEGIN;
INSERT INTO `biz_car_group_1002` VALUES ('1', '轿车 A组', '轿车A组', '00001', '0', '0', '0', '2017-06-08 19:22:09', null, '0000'), ('2', '轿车 B组', '轿车B组', '00002', '0', '0', '0', '2017-06-08 19:24:56', null, '0000'), ('3', 'SUV组', 'SUV组', '00003', '0', '0', '0', '2017-06-08 19:48:19', null, '0000');
COMMIT;

-- ----------------------------
--  Table structure for `biz_car_imgs_1003`
-- ----------------------------
DROP TABLE IF EXISTS `biz_car_imgs_1003`;
CREATE TABLE `biz_car_imgs_1003` (
  `id` varchar(50) NOT NULL,
  `car_id` varchar(50) NOT NULL COMMENT '车辆id',
  `img_uri` varchar(200) DEFAULT NULL COMMENT '图片资源地址',
  `img_type_id` varchar(50) DEFAULT NULL COMMENT '图片类型',
  `deleteflag` varchar(2) DEFAULT '0' COMMENT '删除标记',
  `cancleflag` varchar(2) DEFAULT '0' COMMENT '取消标记',
  `holdflag` varchar(11) DEFAULT '0' COMMENT '冻结标记',
  `createtime` datetime DEFAULT NULL COMMENT '创建时间',
  `updatetime` datetime DEFAULT NULL COMMENT '最后修改时间',
  `operator_id` varchar(50) DEFAULT NULL COMMENT '操作人id',
  PRIMARY KEY (`id`)
) ENGINE=InnoDB DEFAULT CHARSET=utf8;

-- ----------------------------
--  Records of `biz_car_imgs_1003`
-- ----------------------------
BEGIN;
INSERT INTO `biz_car_imgs_1003` VALUES ('1', '1', '/cevr_img/1.png', '1', '0', '0', '0', '2017-06-08 19:57:45', null, '0000'), ('10', '10', '/cevr_img/10.png', '1', '0', '0', '0', '2017-06-10 10:34:57', null, '0000'), ('11', '11', '/cevr_img/11.png', '1', '1', '1', '1', '2017-06-10 11:41:14', null, '0000'), ('12', '12', '/cevr_img/12.png', '1', '0', '0', '0', '2017-06-10 11:41:34', null, '0000'), ('2', '2', '/cevr_img/2.png', '1', '0', '0', '0', '2017-06-08 19:57:54', null, '0000'), ('3', '3', '/cevr_img/3.png', '1', '0', '0', '0', '2017-06-08 19:59:14', null, '0000'), ('4', '4', '/cevr_img/4.png', '1', '0', '0', '0', '2017-06-08 19:58:28', null, '0000'), ('5', '5', '/cevr_img/5.png', '1', '0', '0', '0', '2017-06-08 19:58:40', null, '0000'), ('6', '6', '/cevr_img/6.png', '1', '0', '0', '0', '2017-06-08 19:58:51', null, '0000'), ('7', '7', '/cevr_img/7.png', '1', '0', '0', '0', '2017-06-08 19:59:02', null, '0000'), ('8', '8', '/cevr_img/8.png', '1', '0', '0', '0', '2017-06-08 19:58:18', null, '0000'), ('9', '9', '/cevr_img/9.png', '1', '0', '0', '0', '2017-06-10 10:34:57', null, '0000');
COMMIT;

-- ----------------------------
--  Table structure for `biz_car_video_1004`
-- ----------------------------
DROP TABLE IF EXISTS `biz_car_video_1004`;
CREATE TABLE `biz_car_video_1004` (
  `id` varchar(50) NOT NULL,
  `car_id` varchar(50) NOT NULL,
  `src` varchar(2000) NOT NULL,
  `deleteflag` varchar(2) DEFAULT NULL,
  `cancleflag` varchar(2) DEFAULT NULL,
  `holdflag` varchar(2) DEFAULT NULL,
  `createtime` datetime DEFAULT NULL,
  `updatetime` datetime DEFAULT NULL,
  PRIMARY KEY (`id`)
) ENGINE=MyISAM DEFAULT CHARSET=utf8;

-- ----------------------------
--  Records of `biz_car_video_1004`
-- ----------------------------
BEGIN;
INSERT INTO `biz_car_video_1004` VALUES ('2', '2', 'http://player.youku.com/embed/XMjgzMjI2MjM0NA==', '0', '0', '0', '2017-06-11 18:20:45', '2017-06-11 18:20:48'), ('3', '3', 'http://player.youku.com/embed/XMjgzMTI5MDkxNg==', '0', '0', '0', '2017-06-11 18:20:45', '2017-06-11 18:20:48'), ('4', '4', 'http://player.youku.com/embed/XMjgzMTEyNTA4MA==', '0', '0', '0', '2017-06-11 18:20:45', '2017-06-11 18:20:48'), ('5', '5', 'http://player.youku.com/embed/XMjgzMTk1NDYyOA==', '0', '0', '0', '2017-06-11 18:20:45', '2017-06-11 18:20:48'), ('6', '6', '', '0', '0', '0', '2017-06-11 18:20:45', '2017-06-11 18:20:48'), ('7', '7', 'http://player.youku.com/embed/XMjgzMjA5NTI5Ng==', '0', '0', '0', '2017-06-11 18:20:45', '2017-06-11 18:20:48'), ('8', '8', 'http://player.youku.com/embed/XMjgzMjI1NzI3Ng==', '0', '0', '0', '2017-06-11 18:20:45', '2017-06-11 18:20:48'), ('1', '1', 'http://player.youku.com/embed/XMjgzMTU4NDIyNA==', '0', '0', '0', '2017-06-11 18:20:45', '2017-06-11 18:20:48'), ('9', '9', 'http://share.utovr.com/vcode/161406654820/u.swf', '0', '0', '0', '2017-06-11 18:20:45', '2017-06-11 18:20:48'), ('10', '10', '', '0', '0', '0', '2017-06-11 18:20:45', '2017-06-11 18:20:48'), ('11', '11', '', '0', '0', '0', '2017-06-11 18:20:45', '2017-06-11 18:20:48'), ('12', '12', 'http://share.utovr.com/181606263644.html', '0', '0', '0', '2017-06-11 18:20:45', '2017-06-11 18:20:48');
COMMIT;

-- ----------------------------
--  Table structure for `biz_ticket_2001`
-- ----------------------------
DROP TABLE IF EXISTS `biz_ticket_2001`;
CREATE TABLE `biz_ticket_2001` (
  `id` varchar(50) NOT NULL,
  `from_ip` varchar(30) DEFAULT NULL COMMENT '投票ip',
  `click_time` datetime DEFAULT NULL COMMENT '投票时间',
  `ticket_num` int(5) NOT NULL COMMENT '票数',
  `ticket_type_id` varchar(50) DEFAULT NULL COMMENT '投票入口ID',
  `click_people_id` varchar(50) NOT NULL COMMENT '投票人id',
  `click_car_id` varchar(50) NOT NULL COMMENT '投票车型',
  `deleteflag` varchar(2) DEFAULT '0' COMMENT '删除标记',
  `cancleflag` varchar(2) DEFAULT '0' COMMENT '取消标记',
  `holdflag` varchar(2) DEFAULT '0' COMMENT '冻结标记',
  `createtime` datetime DEFAULT NULL COMMENT '创建时间',
  `updatetime` datetime DEFAULT NULL COMMENT '最后修改时间',
  `operator_id` varchar(50) DEFAULT NULL COMMENT '操作人id',
  PRIMARY KEY (`id`)
) ENGINE=InnoDB DEFAULT CHARSET=utf8;

-- ----------------------------
--  Records of `biz_ticket_2001`
-- ----------------------------
BEGIN;
INSERT INTO `biz_ticket_2001` VALUES ('01A7E103-DC47-4659-A797-730DC34D0F7F', '127.0.0.1', '2017-07-20 09:45:08', '1', '1', '7B457895-5CFF-4F13-87AD-92663BEE9AA3', '4', '0', '0', '0', '2017-07-20 09:45:08', '2017-07-20 09:45:08', '0000'), ('03904991-3CAD-445C-A164-5182F5EEB0F3', '1.62.141.78', '2017-07-03 15:28:19', '1', '2', '7B457895-5CFF-4F13-87AD-92663BEE9AA3', '10', '0', '1', '0', '2017-07-03 15:28:19', '2017-07-03 15:28:20', '0000'), ('0477E54C-6C51-4BBA-910E-D05313C74A93', '0.0.0.0', '2017-06-16 10:19:52', '55', '2', 'AAEE176B-F5B6-4E9C-8B20-F1DABC1B04F4', '1', '0', '0', '0', '2017-06-16 10:19:52', '2017-06-16 10:19:52', '0000'), ('0477E54C-6C54-4BBA-9102-D05313C74A93', '0.0.0.0', '2017-06-16 10:19:52', '50', '1', 'AAEE176B-F5B6-4E9C-8B20-F1DABC1B04F4', '1', '0', '0', '0', '2017-06-16 10:19:52', '2017-06-16 10:19:52', '0000'), ('0477E54C-6C54-4BBA-910E-D05313C74A91', '0.0.0.0', '2017-06-16 10:19:52', '41', '3', 'AAEE176B-F5B6-4E9C-8B20-F1DABC1B04F4', '1', '0', '0', '0', '2017-06-16 10:19:52', '2017-06-16 10:19:52', '0000'), ('0477E54C-6C54-4BBA-910E-D05313C74A93', '223.72.73.176', '2017-06-18 10:19:52', '1', '1', 'AAEE176B-F5B6-4E9C-8B20-F1DABC1B04F4', '1', '0', '0', '0', '2017-06-18 10:19:52', '2017-06-18 10:19:52', '0000'), ('079B3097-01E2-4E56-9AB7-402504C2F207', '0.0.0.0', '2017-06-16 10:30:18', '43', '2', '7B457895-5CFF-4F13-87AD-92663BEE9AA3', '2', '0', '0', '0', '2017-06-16 10:30:18', '2017-06-16 10:30:18', '0000'), ('079B3097-01EC-4E56-9AB1-402504C2F207', '0.0.0.0', '2017-06-16 10:30:18', '51', '1', '7B457895-5CFF-4F13-87AD-92663BEE9AA3', '2', '0', '0', '0', '2017-06-16 10:30:18', '2017-06-16 10:30:18', '0000'), ('079B3097-01EC-4E56-9AB7-402504C2F202', '0.0.0.0', '2017-06-16 10:30:18', '44', '3', '7B457895-5CFF-4F13-87AD-92663BEE9AA3', '2', '0', '0', '0', '2017-06-16 10:30:18', '2017-06-16 10:30:18', '0000'), ('079B3097-01EC-4E56-9AB7-402504C2F207', '113.5.2.24', '2017-06-18 10:30:18', '1', '3', '7B457895-5CFF-4F13-87AD-92663BEE9AA3', '7', '0', '0', '0', '2017-06-18 10:30:18', '2017-06-18 10:30:18', '0000'), ('0DA32087-28B2-4461-9CC6-42D2665725EC', '221.212.198.36', '2017-08-10 08:59:44', '1', '1', '7B457895-5CFF-4F13-87AD-92663BEE9AA3', '2', '0', '1', '0', '2017-08-10 08:59:44', '2017-08-10 08:59:53', '0000'), ('0F458EA1-48D7-4F24-85B3-362108D5833A', '1.62.141.78', '2017-07-03 15:28:26', '1', '2', '7B457895-5CFF-4F13-87AD-92663BEE9AA3', '10', '0', '1', '0', '2017-07-03 15:28:26', '2017-07-03 15:28:27', '0000'), ('10796094-9A93-4A50-AC8C-385D091BBE56', '0.0.0.0', '2017-06-16 10:30:12', '27', '2', '7B457895-5CFF-4F13-87AD-92663BEE9AA3', '3', '0', '0', '0', '2017-06-16 10:30:12', '2017-06-16 10:30:12', '0000'), ('10796094-9A9A-4A50-AC83-385D091BBE56', '0.0.0.0', '2017-06-16 10:30:12', '46', '1', '7B457895-5CFF-4F13-87AD-92663BEE9AA3', '3', '0', '0', '0', '2017-06-16 10:30:12', '2017-06-16 10:30:12', '0000'), ('10796094-9A9A-4A50-AC8C-385D091BBE53', '0.0.0.0', '2017-06-16 10:30:12', '26', '3', '7B457895-5CFF-4F13-87AD-92663BEE9AA3', '3', '0', '0', '0', '2017-06-16 10:30:12', '2017-06-16 10:30:12', '0000'), ('10796094-9A9A-4A50-AC8C-385D091BBE56', '113.5.2.24', '2017-06-18 10:30:12', '1', '3', '7B457895-5CFF-4F13-87AD-92663BEE9AA3', '4', '0', '0', '0', '2017-06-18 10:30:12', '2017-06-18 10:30:12', '0000'), ('143E03C6-C800-40B7-9414-B8E96B15EAAB', '0.0.0.0', '2017-06-16 10:24:07', '64', '1', '95DD0456-5A1B-4244-A6A7-AE992E8C76AD', '4', '0', '0', '0', '2017-06-16 10:24:07', '2017-06-16 10:24:07', '0000'), ('143E03C6-C800-40B7-941F-B8E96B15EAA4', '0.0.0.0', '2017-06-16 10:24:07', '55', '3', '95DD0456-5A1B-4244-A6A7-AE992E8C76AD', '4', '0', '0', '0', '2017-06-16 10:24:07', '2017-06-16 10:24:07', '0000'), ('143E03C6-C800-40B7-941F-B8E96B15EAAB', '124.64.221.49', '2017-06-18 10:24:07', '1', '1', '95DD0456-5A1B-4244-A6A7-AE992E8C76AD', '7', '0', '0', '0', '2017-06-18 10:24:07', '2017-06-18 10:24:07', '0000'), ('143E03C6-C804-40B7-941F-B8E96B15EAAB', '0.0.0.0', '2017-06-16 10:24:07', '52', '2', '95DD0456-5A1B-4244-A6A7-AE992E8C76AD', '4', '0', '0', '0', '2017-06-16 10:24:07', '2017-06-16 10:24:07', '0000'), ('191D4F2F-BE13-4090-AA6A-2515C2845C47', '1.62.141.78', '2017-07-03 15:28:37', '1', '2', '7B457895-5CFF-4F13-87AD-92663BEE9AA3', '5', '0', '1', '0', '2017-07-03 15:28:37', '2017-07-03 15:28:42', '0000'), ('1961782C-A925-4E65-A839-FEDF8845157D', '0.0.0.0', '2017-06-16 10:30:26', '55', '2', 'BF50F587-6BA6-46E3-BA29-5F5174C2DB2C', '5', '0', '0', '0', '2017-06-16 10:30:26', '2017-06-16 10:30:26', '0000'), ('1961782C-A92C-4E65-A835-FEDF8845157D', '0.0.0.0', '2017-06-16 10:30:26', '60', '1', 'BF50F587-6BA6-46E3-BA29-5F5174C2DB2C', '5', '0', '0', '0', '2017-06-16 10:30:26', '2017-06-16 10:30:26', '0000'), ('1961782C-A92C-4E65-A839-FEDF88451575', '0.0.0.0', '2017-06-16 10:30:26', '46', '3', 'BF50F587-6BA6-46E3-BA29-5F5174C2DB2C', '5', '0', '0', '0', '2017-06-16 10:30:26', '2017-06-16 10:30:26', '0000'), ('1961782C-A92C-4E65-A839-FEDF8845157D', '221.207.37.34', '2017-06-18 10:30:26', '1', '2', 'BF50F587-6BA6-46E3-BA29-5F5174C2DB2C', '5', '0', '0', '0', '2017-06-18 10:30:26', '2017-06-18 10:30:26', '0000'), ('19FE4042-02A6-44C3-896A-CA42CEA475AF', '0.0.0.0', '2017-06-16 10:47:57', '30', '2', 'F7C1D808-4426-430E-A801-D5F79E22B579', '6', '0', '1', '0', '2017-06-16 10:47:57', '2017-06-16 10:53:30', '0000'), ('19FE4042-02AC-44C3-8966-CA42CEA475AF', '0.0.0.0', '2017-06-16 10:47:57', '30', '1', 'F7C1D808-4426-430E-A801-D5F79E22B579', '6', '0', '1', '0', '2017-06-16 10:47:57', '2017-06-16 10:53:30', '0000'), ('19FE4042-02AC-44C3-896A-CA42CEA475A6', '0.0.0.0', '2017-06-16 10:47:57', '30', '3', 'F7C1D808-4426-430E-A801-D5F79E22B579', '6', '0', '1', '0', '2017-06-16 10:47:57', '2017-06-16 10:53:30', '0000'), ('19FE4042-02AC-44C3-896A-CA42CEA475AF', '112.102.15.49', '2017-06-18 10:47:57', '1', '1', 'F7C1D808-4426-430E-A801-D5F79E22B579', '1', '0', '1', '0', '2017-06-18 10:47:57', '2017-06-18 10:53:30', '0000'), ('1A57F8CD-D6C7-40CD-BD7B-D5D52F3D3ACA', '0.0.0.0', '2017-06-16 10:16:29', '49', '2', '95DD0456-5A1B-4244-A6A7-AE992E8C76AD', '7', '0', '0', '0', '2017-06-16 10:16:29', '2017-06-16 10:16:29', '0000'), ('1A57F8CD-D6CF-40CD-BD77-D5D52F3D3ACA', '0.0.0.0', '2017-06-16 10:16:29', '55', '1', '95DD0456-5A1B-4244-A6A7-AE992E8C76AD', '7', '0', '0', '0', '2017-06-16 10:16:29', '2017-06-16 10:16:29', '0000'), ('1A57F8CD-D6CF-40CD-BD7B-D5D52F3D3AC7', '0.0.0.0', '2017-06-16 10:16:29', '59', '3', '95DD0456-5A1B-4244-A6A7-AE992E8C76AD', '7', '0', '0', '0', '2017-06-16 10:16:29', '2017-06-16 10:16:29', '0000'), ('1A57F8CD-D6CF-40CD-BD7B-D5D52F3D3ACA', '124.64.221.49', '2017-06-18 10:16:29', '1', '2', '95DD0456-5A1B-4244-A6A7-AE992E8C76AD', '1', '0', '0', '0', '2017-06-18 10:16:29', '2017-06-18 10:16:29', '0000'), ('1C8253C6-5A65-4E32-B6D0-5D2B23A07798', '0.0.0.0', '2017-06-16 10:30:03', '52', '3', '7B457895-5CFF-4F13-87AD-92663BEE9AA3', '8', '0', '0', '0', '2017-06-16 10:30:03', '2017-06-16 10:30:03', '0000'), ('1C8253C6-5A65-4E32-B6D0-5D2B23A0779D', '113.5.2.24', '2017-06-18 10:30:03', '1', '2', '7B457895-5CFF-4F13-87AD-92663BEE9AA3', '10', '0', '0', '0', '2017-06-18 10:30:03', '2017-06-18 10:30:03', '0000'), ('1C8253C6-5A65-4E32-B6D8-5D2B23A0779D', '0.0.0.0', '2017-06-16 10:30:03', '56', '1', '7B457895-5CFF-4F13-87AD-92663BEE9AA3', '8', '0', '0', '0', '2017-06-16 10:30:03', '2017-06-16 10:30:03', '0000'), ('1C8253C6-5A68-4E32-B6D0-5D2B23A0779D', '0.0.0.0', '2017-06-16 10:30:03', '50', '2', '7B457895-5CFF-4F13-87AD-92663BEE9AA3', '8', '0', '0', '0', '2017-06-16 10:30:03', '2017-06-16 10:30:03', '0000'), ('20758D62-2A75-475C-B709-145D723CCFCE', '0.0.0.0', '2017-06-16 08:20:15', '28', '1', 'FF6C251B-CE6A-493E-B367-0A4A64656C0F', '9', '0', '0', '0', '2017-06-16 08:20:15', '2017-06-16 08:20:15', '0000'), ('20758D62-2A75-475C-B70E-145D723CCFC9', '0.0.0.0', '2017-06-16 08:20:15', '20', '3', 'FF6C251B-CE6A-493E-B367-0A4A64656C0F', '9', '0', '0', '0', '2017-06-16 08:20:15', '2017-06-16 08:20:15', '0000'), ('20758D62-2A75-475C-B70E-145D723CCFCE', '192.168.10.1', '2017-06-18 08:20:15', '1', '1', 'FF6C251B-CE6A-493E-B367-0A4A64656C0F', '1', '0', '0', '0', '2017-06-18 08:20:15', '2017-06-18 08:20:15', '0000'), ('20758D62-2A79-475C-B70E-145D723CCFCE', '0.0.0.0', '2017-06-16 08:20:15', '21', '2', 'FF6C251B-CE6A-493E-B367-0A4A64656C0F', '9', '0', '0', '0', '2017-06-16 08:20:15', '2017-06-16 08:20:15', '0000'), ('2114314B-4310-4123-A463-02C41EDBBED3', '0.0.0.0', '2017-06-16 08:20:38', '61', '2', 'FF6C251B-CE6A-493E-B367-0A4A64656C0F', '12', '0', '0', '0', '2017-06-16 08:20:38', '2017-06-16 08:20:38', '0000'), ('21189200-D216-4672-8B7F-09178996CB60', '127.0.0.1', '2017-11-25 13:44:28', '1', '1', '7B457895-5CFF-4F13-87AD-92663BEE9AA3', '2', '0', '1', '0', '2017-11-25 13:44:28', '2017-11-25 13:44:29', '0000'), ('22143F4B-430C-4123-A460-02C41EDBBED3', '0.0.0.0', '2017-06-16 08:20:38', '66', '1', 'FF6C251B-CE6A-493E-B367-0A4A64656C0F', '10', '0', '0', '0', '2017-06-16 08:20:38', '2017-06-16 08:20:38', '0000'), ('22143F4B-430C-4123-A463-02C41EDBBE10', '0.0.0.0', '2017-06-16 08:20:38', '44', '3', 'FF6C251B-CE6A-493E-B367-0A4A64656C0F', '10', '0', '0', '0', '2017-06-16 08:20:38', '2017-06-16 08:20:38', '0000'), ('22143F4B-430C-4123-A463-02C41EDBBED3', '192.168.10.1', '2017-06-18 08:20:38', '1', '2', 'FF6C251B-CE6A-493E-B367-0A4A64656C0F', '8', '0', '0', '0', '2017-06-18 08:20:38', '2017-06-18 08:20:38', '0000'), ('22143F4B-4310-4123-A463-02C41EDBBED3', '0.0.0.0', '2017-06-16 08:20:38', '49', '2', 'FF6C251B-CE6A-493E-B367-0A4A64656C0F', '10', '0', '0', '0', '2017-06-16 08:20:38', '2017-06-16 08:20:38', '0000'), ('2314334B-430C-4123-A463-02C41EDBBE10', '0.0.0.0', '2017-06-16 08:20:38', '58', '3', 'FF6C251B-CE6A-493E-B367-0A4A64656C0F', '12', '0', '0', '0', '2017-06-16 08:20:38', '2017-06-16 08:20:38', '0000'), ('23B150C2-70DC-43C9-8380-8850762F4928', '192.168.1.166', '2017-11-25 15:49:51', '1', '1', '7B457895-5CFF-4F13-87AD-92663BEE9AA3', '10', '0', '1', '0', '2017-11-25 15:49:51', '2017-11-25 15:49:54', '0000'), ('2414324B-430C-4123-A460-02C41EDBBED3', '0.0.0.0', '2017-06-16 08:20:38', '54', '1', 'FF6C251B-CE6A-493E-B367-0A4A64656C0F', '12', '0', '0', '0', '2017-06-16 08:20:38', '2017-06-16 08:20:38', '0000'), ('262C313C-B64A-42F6-B3BB-6CF74CB8339F', '1.62.141.78', '2017-07-03 15:28:19', '1', '2', '7B457895-5CFF-4F13-87AD-92663BEE9AA3', '10', '0', '1', '0', '2017-07-03 15:28:19', '2017-07-03 15:28:19', '0000'), ('2643FCA2-FED6-464F-A6AC-C661A5D019E0', '1.62.141.78', '2017-07-03 15:28:28', '1', '2', '7B457895-5CFF-4F13-87AD-92663BEE9AA3', '5', '0', '1', '0', '2017-07-03 15:28:28', '2017-07-03 15:28:29', '0000'), ('2E3E45DA-4EBF-4307-ADF0-46FFF9A97E0B', '1.189.151.146', '2017-11-09 08:35:15', '1', '2', '7B457895-5CFF-4F13-87AD-92663BEE9AA3', '5', '0', '0', '0', '2017-11-09 08:35:15', '2017-11-09 08:35:15', '0000'), ('32353977-60EE-4AB6-9B6E-FF47D3F76C03', '1.62.141.78', '2017-07-03 15:28:17', '1', '2', '7B457895-5CFF-4F13-87AD-92663BEE9AA3', '10', '0', '1', '0', '2017-07-03 15:28:17', '2017-07-03 15:28:17', '0000'), ('3272491F-CCDD-4F4B-B903-E282D2181C94', '221.207.37.34', '2017-06-18 10:28:21', '1', '2', 'BF50F587-6BA6-46E3-BA29-5F5174C2DB2C', '3', '0', '0', '0', '2017-06-18 10:28:21', '2017-06-18 10:28:21', '0000'), ('33EEF353-D8E4-4AB3-A9B8-2B93E9F62A94', '192.168.1.166', '2017-12-16 11:48:36', '1', '1', '7B457895-5CFF-4F13-87AD-92663BEE9AA3', '4', '0', '0', '0', '2017-12-16 11:48:36', '2017-12-16 11:48:36', '0000'), ('3A23003E-755B-4065-A23C-AD910B82648F', '58.132.177.28', '2017-06-18 10:33:47', '1', '2', '1B059192-3553-4A0C-B27E-C90FABB3FE8C', '1', '0', '0', '0', '2017-06-18 10:33:47', '2017-06-18 10:33:47', '0000'), ('3E0B51F5-3381-4D07-B0EA-36351FC29698', '127.0.0.1', '2017-07-08 14:32:29', '1', '1', '7B457895-5CFF-4F13-87AD-92663BEE9AA3', '4', '0', '0', '0', '2017-07-08 14:32:29', '2017-07-08 14:32:29', '0000'), ('3E26DE6A-7D00-4626-9A33-04BF3DAC3613', '1.62.141.78', '2017-07-03 15:28:44', '1', '2', '7B457895-5CFF-4F13-87AD-92663BEE9AA3', '12', '0', '1', '0', '2017-07-03 15:28:44', '2017-07-03 15:28:57', '0000'), ('3F3DEB57-A202-4996-AFE3-0DB77E90AA99', '112.102.15.49', '2017-06-18 18:25:05', '1', '2', '7B457895-5CFF-4F13-87AD-92663BEE9AA3', '8', '0', '0', '0', '2017-06-18 18:25:05', '2017-06-18 18:25:05', '0000'), ('404D1C65-44AF-4929-A7C8-80D2A8170C01', '1.189.151.146', '2017-11-09 08:35:50', '1', '3', '7B457895-5CFF-4F13-87AD-92663BEE9AA3', '2', '0', '0', '0', '2017-11-09 08:35:50', '2017-11-09 08:35:50', '0000'), ('40514C18-6D88-487A-8517-A7B8A48BF054', '127.0.0.1', '2017-11-25 13:44:30', '1', '1', '7B457895-5CFF-4F13-87AD-92663BEE9AA3', '2', '0', '0', '0', '2017-11-25 13:44:30', '2017-11-25 13:44:30', '0000'), ('407934D1-F44B-4EB5-AA70-DBEFDE86E871', '127.0.0.1', '2017-11-25 13:44:24', '1', '1', '7B457895-5CFF-4F13-87AD-92663BEE9AA3', '2', '0', '1', '0', '2017-11-25 13:44:24', '2017-11-25 13:44:25', '0000'), ('407F328A-6DC4-4026-AB2D-56CFD1D555A4', '192.168.10.1', '2017-06-18 08:20:48', '1', '3', 'FF6C251B-CE6A-493E-B367-0A4A64656C0F', '1', '0', '0', '0', '2017-06-18 08:20:48', '2017-06-18 08:20:48', '0000'), ('4199DF3F-960E-4255-BCDE-F59A46831259', '1.62.141.78', '2017-07-03 15:28:07', '1', '2', '7B457895-5CFF-4F13-87AD-92663BEE9AA3', '10', '0', '1', '0', '2017-07-03 15:28:07', '2017-07-03 15:28:08', '0000'), ('43C9877E-F385-48D6-89AE-EC5A704345B2', '221.212.198.36', '2017-08-10 08:59:57', '1', '1', '7B457895-5CFF-4F13-87AD-92663BEE9AA3', '2', '0', '0', '0', '2017-08-10 08:59:57', '2017-08-10 08:59:57', '0000'), ('4789EA12-540E-4990-8142-C22E8BA6694A', '112.102.15.49', '2017-06-18 18:25:02', '1', '2', '7B457895-5CFF-4F13-87AD-92663BEE9AA3', '2', '0', '0', '0', '2017-06-18 18:25:02', '2017-06-18 18:25:02', '0000'), ('4D4AF4B5-41F4-484E-B9E6-2687503683DF', '113.0.70.90', '2017-08-07 17:27:13', '1', '2', '7B457895-5CFF-4F13-87AD-92663BEE9AA3', '1', '0', '0', '0', '2017-08-07 17:27:13', '2017-08-07 17:27:13', '0000'), ('4FDFB4DE-BA14-4A8F-95E4-35ABE7563492', '192.168.1.166', '2017-11-25 15:50:14', '1', '1', '7B457895-5CFF-4F13-87AD-92663BEE9AA3', '1', '0', '1', '0', '2017-11-25 15:50:14', '2017-11-25 15:50:15', '0000'), ('518627E2-6226-4A46-B755-6193DA7445CB', '1.62.141.78', '2017-07-03 15:28:49', '1', '2', '7B457895-5CFF-4F13-87AD-92663BEE9AA3', '10', '0', '1', '0', '2017-07-03 15:28:49', '2017-07-03 15:28:49', '0000'), ('5349AB25-67E1-49BE-8BE1-6AAD01901066', '1.189.151.146', '2017-11-08 14:52:57', '1', '2', '7B457895-5CFF-4F13-87AD-92663BEE9AA3', '10', '0', '1', '0', '2017-11-08 14:52:57', '2017-11-08 14:53:04', '0000'), ('5591EB36-EC77-4D2D-97EC-9BA3D77500DA', '112.102.15.49', '2017-06-18 10:54:38', '1', '3', 'F7C1D808-4426-430E-A801-D5F79E22B579', '1', '0', '0', '0', '2017-06-18 10:54:38', '2017-06-18 10:54:38', '0000'), ('55B888C7-E65C-4564-A517-B0F503318560', '221.212.198.36', '2017-08-10 08:59:55', '1', '1', '7B457895-5CFF-4F13-87AD-92663BEE9AA3', '2', '0', '1', '0', '2017-08-10 08:59:55', '2017-08-10 08:59:56', '0000'), ('5AF1EED7-C590-4DFD-A963-268DD995E0C6', '127.0.0.1', '2017-07-20 09:45:05', '1', '1', '7B457895-5CFF-4F13-87AD-92663BEE9AA3', '12', '0', '0', '0', '2017-07-20 09:45:05', '2017-07-20 09:45:05', '0000'), ('5CC52B93-7F58-48B0-B2AD-758C92FBD13A', '127.0.0.1', '2017-07-07 11:29:51', '1', '1', '7B457895-5CFF-4F13-87AD-92663BEE9AA3', '1', '0', '0', '0', '2017-07-07 11:29:51', '2017-07-07 11:29:51', '0000'), ('5DB05006-08B4-4D8C-972C-1FE319A5792F', '1.62.141.78', '2017-07-03 15:28:25', '1', '2', '7B457895-5CFF-4F13-87AD-92663BEE9AA3', '10', '0', '1', '0', '2017-07-03 15:28:25', '2017-07-03 15:28:26', '0000'), ('6079EFF1-031D-4E13-B140-A17F5837860E', '113.5.2.24', '2017-06-18 10:29:51', '1', '1', '7B457895-5CFF-4F13-87AD-92663BEE9AA3', '3', '0', '0', '0', '2017-06-18 10:29:51', '2017-06-18 10:29:51', '0000'), ('633E1259-3BCD-46CA-9A83-23C9B26ADB09', '113.5.2.24', '2017-06-18 10:29:43', '1', '1', '7B457895-5CFF-4F13-87AD-92663BEE9AA3', '10', '0', '0', '0', '2017-06-18 10:29:43', '2017-06-18 10:29:43', '0000'), ('64871921-ADD5-42AE-8A30-A1D6B905CD6F', '59.252.170.7', '2017-06-18 12:00:04', '1', '2', '7B457895-5CFF-4F13-87AD-92663BEE9AA3', '10', '0', '0', '0', '2017-06-18 12:00:04', '2017-06-18 12:00:04', '0000'), ('64D48001-7CDB-4FD3-969F-3659EC1466ED', '192.168.1.166', '2017-11-25 15:50:06', '1', '1', '7B457895-5CFF-4F13-87AD-92663BEE9AA3', '10', '0', '1', '0', '2017-11-25 15:50:06', '2017-11-25 15:50:06', '0000'), ('672307B5-7A8D-4FAF-B6DA-82E961097E87', '1.62.141.78', '2017-07-03 15:28:08', '1', '2', '7B457895-5CFF-4F13-87AD-92663BEE9AA3', '10', '0', '1', '0', '2017-07-03 15:28:08', '2017-07-03 15:28:08', '0000'), ('673C194F-FF0B-43FE-953F-0997AA5D6758', '127.0.0.1', '2017-07-08 10:16:11', '1', '1', '7B457895-5CFF-4F13-87AD-92663BEE9AA3', '1', '0', '0', '0', '2017-07-08 10:16:11', '2017-07-08 10:16:11', '0000'), ('673CDCCC-3455-49A8-ABE3-48612026C59C', '1.62.141.78', '2017-07-03 15:28:09', '1', '2', '7B457895-5CFF-4F13-87AD-92663BEE9AA3', '10', '0', '1', '0', '2017-07-03 15:28:09', '2017-07-03 15:28:10', '0000'), ('6C14293F-472C-4FCC-99C2-F912B6D0AF11', '192.168.1.166', '2017-11-25 15:50:02', '1', '1', '7B457895-5CFF-4F13-87AD-92663BEE9AA3', '10', '0', '1', '0', '2017-11-25 15:50:02', '2017-11-25 15:50:04', '0000'), ('6E340A80-546C-41F1-945D-5248B4E1163C', '124.64.221.49', '2017-06-18 10:24:47', '1', '3', '95DD0456-5A1B-4244-A6A7-AE992E8C76AD', '7', '0', '0', '0', '2017-06-18 10:24:47', '2017-06-18 10:24:47', '0000'), ('6FA2143C-8752-4214-8ADA-E3F1EFBDFF52', '127.0.0.1', '2017-07-20 09:45:12', '1', '1', '7B457895-5CFF-4F13-87AD-92663BEE9AA3', '2', '0', '0', '0', '2017-07-20 09:45:12', '2017-07-20 09:45:12', '0000'), ('700C57CF-14DE-4556-84E2-CC1108C6E26B', '113.5.2.24', '2017-06-18 10:30:01', '1', '2', '7B457895-5CFF-4F13-87AD-92663BEE9AA3', '3', '0', '0', '0', '2017-06-18 10:30:01', '2017-06-18 10:30:01', '0000'), ('70F70B3A-807D-4507-A7EB-23E64D25B02C', '127.0.0.1', '2017-07-10 13:15:11', '1', '1', '7B457895-5CFF-4F13-87AD-92663BEE9AA3', '1', '0', '1', '0', '2017-07-10 13:15:11', '2017-07-10 13:15:37', '0000'), ('71F36041-3E2A-4404-B80B-988E829F03B0', '223.72.73.176', '2017-06-18 10:32:11', '1', '1', 'AAEE176B-F5B6-4E9C-8B20-F1DABC1B04F4', '7', '0', '0', '0', '2017-06-18 10:32:11', '2017-06-18 10:32:11', '0000'), ('72ADBAFA-971B-4618-8F44-54B17F030D1D', '124.64.221.49', '2017-06-18 10:24:41', '1', '3', '95DD0456-5A1B-4244-A6A7-AE992E8C76AD', '1', '0', '0', '0', '2017-06-18 10:24:41', '2017-06-18 10:24:41', '0000'), ('72CDFFAD-E9B9-44A8-8F73-86C4F3449E0F', '192.168.10.1', '2017-06-18 08:20:41', '1', '2', 'FF6C251B-CE6A-493E-B367-0A4A64656C0F', '4', '0', '0', '0', '2017-06-18 08:20:41', '2017-06-18 08:20:41', '0000'), ('7BBC4556-0B2F-4E0E-A605-94193CC1F944', '192.168.1.166', '2017-11-25 15:49:57', '1', '1', '7B457895-5CFF-4F13-87AD-92663BEE9AA3', '10', '0', '1', '0', '2017-11-25 15:49:57', '2017-11-25 15:49:59', '0000'), ('7BBFA381-6115-4CA4-8592-3284FCDCB4F9', '113.5.2.24', '2017-06-18 10:30:05', '1', '2', '7B457895-5CFF-4F13-87AD-92663BEE9AA3', '7', '0', '0', '0', '2017-06-18 10:30:05', '2017-06-18 10:30:05', '0000'), ('7D8ECFBD-E9F4-4DAD-BD27-599B50E54989', '210.76.38.58', '2017-06-19 09:29:07', '1', '2', '983677EE-18D0-486D-A6F3-44AB20675994', '1', '0', '0', '0', '2017-06-19 09:29:07', '2017-06-19 09:29:07', '0000'), ('7DAEC909-708B-44FD-A130-463AAAC273ED', '127.0.0.1', '2017-11-25 13:44:26', '1', '1', '7B457895-5CFF-4F13-87AD-92663BEE9AA3', '2', '0', '1', '0', '2017-11-25 13:44:26', '2017-11-25 13:44:26', '0000'), ('80464FF6-A28F-4BAD-95F0-1DE92C8C9E7C', '113.5.2.24', '2017-06-18 10:29:46', '1', '1', '7B457895-5CFF-4F13-87AD-92663BEE9AA3', '12', '0', '0', '0', '2017-06-18 10:29:46', '2017-06-18 10:29:46', '0000'), ('8279E58D-D7AE-45D2-A95C-EB42102239CF', '127.0.0.1', '2017-11-22 14:03:13', '1', '2', '7B457895-5CFF-4F13-87AD-92663BEE9AA3', '2', '0', '0', '0', '2017-11-22 14:03:13', '2017-11-22 14:03:13', '0000'), ('8471EEA9-526C-4946-8CF5-DE7927CEFF0E', '192.168.10.1', '2017-06-18 08:20:52', '1', '3', 'FF6C251B-CE6A-493E-B367-0A4A64656C0F', '5', '0', '0', '0', '2017-06-18 08:20:52', '2017-06-18 08:20:52', '0000'), ('8706095F-F10E-418D-8E8F-50CED1D644FF', '1.189.151.146', '2017-11-08 14:53:05', '1', '2', '7B457895-5CFF-4F13-87AD-92663BEE9AA3', '5', '0', '1', '0', '2017-11-08 14:53:05', '2017-11-08 14:53:07', '0000'), ('884DD768-E7E6-4CAA-B89B-D38C750C16FF', '192.168.10.1', '2017-06-18 08:20:57', '1', '3', 'FF6C251B-CE6A-493E-B367-0A4A64656C0F', '12', '0', '0', '0', '2017-06-18 08:20:57', '2017-06-18 08:20:57', '0000'), ('89266761-C149-43D5-AAAC-5213657357F0', '1.189.151.146', '2017-11-09 08:35:16', '1', '2', '7B457895-5CFF-4F13-87AD-92663BEE9AA3', '8', '0', '0', '0', '2017-11-09 08:35:16', '2017-11-09 08:35:16', '0000'), ('8A860A18-2D37-4ABA-AA79-356236A4B4E2', '112.102.15.49', '2017-06-18 10:48:09', '1', '1', 'F7C1D808-4426-430E-A801-D5F79E22B579', '7', '0', '0', '0', '2017-06-18 10:48:09', '2017-06-18 10:48:09', '0000'), ('8BB3D8FB-ACA0-4D65-B35C-17E9DF53EF7F', '127.0.0.1', '2017-11-25 13:44:17', '1', '1', '7B457895-5CFF-4F13-87AD-92663BEE9AA3', '2', '0', '1', '0', '2017-11-25 13:44:17', '2017-11-25 13:44:23', '0000'), ('8C97E037-2AFE-400D-8EC1-02EE6326BB51', '1.62.141.78', '2017-07-03 15:28:30', '1', '2', '7B457895-5CFF-4F13-87AD-92663BEE9AA3', '5', '0', '1', '0', '2017-07-03 15:28:30', '2017-07-03 15:28:30', '0000'), ('8F6C8C77-0FAB-4DF5-BB19-94C45E4AB0F9', '1.189.151.146', '2017-11-09 08:35:12', '1', '2', '7B457895-5CFF-4F13-87AD-92663BEE9AA3', '1', '0', '0', '0', '2017-11-09 08:35:12', '2017-11-09 08:35:12', '0000'), ('94BDB1A0-6B36-4A7C-BE60-EB87CC8E73C4', '1.62.141.78', '2017-07-03 15:28:33', '1', '2', '7B457895-5CFF-4F13-87AD-92663BEE9AA3', '10', '0', '1', '0', '2017-07-03 15:28:33', '2017-07-03 15:28:34', '0000'), ('95C3F2C5-E8E3-4CC0-A453-24CEEDC13514', '127.0.0.1', '2017-11-25 14:51:28', '1', '1', '7B457895-5CFF-4F13-87AD-92663BEE9AA3', '5', '0', '1', '0', '2017-11-25 14:51:28', '2017-11-25 14:51:31', '0000'), ('9DA5FF86-E6A0-4B8E-9AC3-0B2F9DC773DC', '221.207.37.34', '2017-06-18 10:22:02', '1', '1', 'BF50F587-6BA6-46E3-BA29-5F5174C2DB2C', '2', '0', '0', '0', '2017-06-18 10:22:02', '2017-06-18 10:22:02', '0000'), ('9DCE3509-BB6E-4509-A5B9-27561131B37B', '127.0.0.1', '2017-07-10 15:09:38', '1', '1', '7B457895-5CFF-4F13-87AD-92663BEE9AA3', '2', '0', '0', '0', '2017-07-10 15:09:38', '2017-07-10 15:09:38', '0000'), ('9E8A0A7C-D464-48F6-A208-054243A9ABC5', '223.72.73.176', '2017-06-18 10:32:32', '1', '2', 'AAEE176B-F5B6-4E9C-8B20-F1DABC1B04F4', '2', '0', '0', '0', '2017-06-18 10:32:32', '2017-06-18 10:32:32', '0000'), ('A0BDC2A4-9261-460E-8FF8-3F9DD9DE723D', '1.62.141.78', '2017-07-03 15:28:50', '1', '2', '7B457895-5CFF-4F13-87AD-92663BEE9AA3', '10', '0', '1', '0', '2017-07-03 15:28:50', '2017-07-03 15:28:50', '0000'), ('A3506992-6C24-4D22-ADE5-0AE0B95683BC', '127.0.0.1', '2017-07-08 14:56:37', '1', '1', '7B457895-5CFF-4F13-87AD-92663BEE9AA3', '8', '0', '0', '0', '2017-07-08 14:56:37', '2017-07-08 14:56:37', '0000'), ('A61B6F0F-7D4D-4D88-AE1F-16FFBCC07339', '118.213.236.242', '2017-06-18 10:15:41', '1', '2', 'BF50F587-6BA6-46E3-BA29-5F5174C2DB2C', '2', '0', '0', '0', '2017-06-18 10:15:41', '2017-06-18 10:15:41', '0000'), ('A7BF84C3-41A9-43A3-8ECB-E2616754AF07', '221.212.198.36', '2017-08-10 08:59:54', '1', '1', '7B457895-5CFF-4F13-87AD-92663BEE9AA3', '2', '0', '1', '0', '2017-08-10 08:59:54', '2017-08-10 08:59:54', '0000'), ('AD7A5EB3-514B-4C8F-A6A2-01095F184AC6', '1.62.141.78', '2017-07-03 15:28:15', '1', '2', '7B457895-5CFF-4F13-87AD-92663BEE9AA3', '10', '0', '1', '0', '2017-07-03 15:28:15', '2017-07-03 15:28:15', '0000'), ('AE4185C0-E90B-4A7A-9D28-2E685EA65765', '127.0.0.1', '2017-07-10 13:15:39', '1', '1', '7B457895-5CFF-4F13-87AD-92663BEE9AA3', '4', '0', '0', '0', '2017-07-10 13:15:39', '2017-07-10 13:15:39', '0000'), ('AFE62F72-3EEA-43AA-ABA2-C13DC161C340', '127.0.0.1', '2017-07-08 10:15:26', '1', '1', '7B457895-5CFF-4F13-87AD-92663BEE9AA3', '1', '0', '1', '0', '2017-07-08 10:15:26', '2017-07-08 10:15:29', '0000'), ('B0E24221-98EC-468E-9C9D-0FAAFF9B748B', '124.64.221.49', '2017-06-18 10:14:35', '1', '2', '95DD0456-5A1B-4244-A6A7-AE992E8C76AD', '12', '0', '0', '0', '2017-06-18 10:14:35', '2017-06-18 10:14:35', '0000'), ('B2107765-D6EE-4AFF-9A87-64957240F393', '1.62.141.78', '2017-07-03 15:28:48', '1', '2', '7B457895-5CFF-4F13-87AD-92663BEE9AA3', '10', '0', '1', '0', '2017-07-03 15:28:48', '2017-07-03 15:28:48', '0000'), ('B3B705F8-ED35-4E33-8DE1-E543B622B7FC', '118.213.236.242', '2017-06-18 10:19:42', '1', '1', 'BF50F587-6BA6-46E3-BA29-5F5174C2DB2C', '1', '0', '0', '0', '2017-06-18 10:19:42', '2017-06-18 10:19:42', '0000'), ('B66B7B70-701E-48EE-AE77-D80D19B9FAA9', '112.102.15.49', '2017-06-18 10:48:03', '1', '1', 'F7C1D808-4426-430E-A801-D5F79E22B579', '5', '0', '0', '0', '2017-06-18 10:48:03', '2017-06-18 10:48:03', '0000'), ('B6C9B909-0A32-4865-888D-C5CBFCA5F8F6', '127.0.0.1', '2017-07-10 15:10:17', '1', '1', '7B457895-5CFF-4F13-87AD-92663BEE9AA3', '8', '0', '0', '0', '2017-07-10 15:10:17', '2017-07-10 15:10:17', '0000'), ('BAC82574-757B-4092-A2E1-340EC373BDEC', '127.0.0.1', '2017-07-10 15:09:03', '1', '1', '7B457895-5CFF-4F13-87AD-92663BEE9AA3', '2', '0', '1', '0', '2017-07-10 15:09:03', '2017-07-10 15:09:30', '0000'), ('BC04093D-DED7-409E-B609-C43305850502', '124.64.221.49', '2017-06-18 10:15:12', '1', '1', 'DA09E9F7-43AA-43AE-BDC1-FA0578452D68', '2', '0', '0', '0', '2017-06-18 10:15:12', '2017-06-18 10:15:12', '0000'), ('BCBC71EE-61C0-432B-A7A1-9C4056547CC9', '112.102.15.49', '2017-06-18 10:53:31', '1', '1', 'F7C1D808-4426-430E-A801-D5F79E22B579', '1', '0', '0', '0', '2017-06-18 10:53:31', '2017-06-18 10:53:31', '0000'), ('BEC34C62-E375-4932-8C0D-DD5430FD2CE8', '1.62.141.78', '2017-07-03 15:28:21', '1', '2', '7B457895-5CFF-4F13-87AD-92663BEE9AA3', '10', '0', '1', '0', '2017-07-03 15:28:21', '2017-07-03 15:28:22', '0000'), ('C0F156C1-2F8D-4AD6-8CE4-967D97E76ACA', '192.168.10.1', '2017-06-18 08:20:23', '1', '1', 'FF6C251B-CE6A-493E-B367-0A4A64656C0F', '8', '0', '0', '0', '2017-06-18 08:20:23', '2017-06-18 08:20:23', '0000'), ('C5332F2B-F73F-4E87-8870-CEB8BD1893B5', '1.62.141.78', '2017-07-03 15:28:47', '1', '2', '7B457895-5CFF-4F13-87AD-92663BEE9AA3', '10', '0', '1', '0', '2017-07-03 15:28:47', '2017-07-03 15:28:47', '0000'), ('C543C498-6013-4EAD-94B7-AB6B4777C355', '1.189.151.146', '2017-11-09 08:35:48', '1', '3', '7B457895-5CFF-4F13-87AD-92663BEE9AA3', '5', '0', '0', '0', '2017-11-09 08:35:48', '2017-11-09 08:35:48', '0000'), ('C55D310B-25B6-42F6-A9F0-C42C710BB6DE', '1.62.141.78', '2017-07-03 15:28:05', '1', '2', '7B457895-5CFF-4F13-87AD-92663BEE9AA3', '10', '0', '1', '0', '2017-07-03 15:28:05', '2017-07-03 15:28:07', '0000'), ('C63DA15E-9713-4CF8-BD33-78A3DF71BFC9', '118.213.236.242', '2017-06-18 10:15:50', '1', '2', 'BF50F587-6BA6-46E3-BA29-5F5174C2DB2C', '10', '0', '0', '0', '2017-06-18 10:15:50', '2017-06-18 10:15:50', '0000'), ('CA947A19-10AF-4143-A4BD-C8D5F9AA0750', '1.62.141.78', '2017-07-03 15:28:20', '1', '2', '7B457895-5CFF-4F13-87AD-92663BEE9AA3', '10', '0', '1', '0', '2017-07-03 15:28:20', '2017-07-03 15:28:21', '0000'), ('CB5C616F-AF3B-4217-B79D-3EBC2BBD6689', '124.64.221.49', '2017-06-18 10:24:55', '1', '3', '95DD0456-5A1B-4244-A6A7-AE992E8C76AD', '4', '0', '0', '0', '2017-06-18 10:24:55', '2017-06-18 10:24:55', '0000'), ('CCC93C02-A511-4EA1-8EA3-037DB7E05A88', '1.62.141.78', '2017-07-03 15:28:48', '1', '2', '7B457895-5CFF-4F13-87AD-92663BEE9AA3', '10', '0', '1', '0', '2017-07-03 15:28:48', '2017-07-03 15:28:49', '0000'), ('CD1A82C9-5A81-4BDA-9965-3D5532D2643A', '1.62.141.78', '2017-07-03 15:28:16', '1', '2', '7B457895-5CFF-4F13-87AD-92663BEE9AA3', '10', '0', '1', '0', '2017-07-03 15:28:16', '2017-07-03 15:28:16', '0000'), ('CE594596-67CA-4563-8E36-54A174307B71', '192.168.1.166', '2017-11-25 15:49:49', '1', '1', '7B457895-5CFF-4F13-87AD-92663BEE9AA3', '10', '0', '1', '0', '2017-11-25 15:49:49', '2017-11-25 15:49:50', '0000'), ('D212CF1C-9BEF-4DBE-A12B-7D497CF51030', '192.168.1.166', '2017-11-25 15:50:00', '1', '1', '7B457895-5CFF-4F13-87AD-92663BEE9AA3', '10', '0', '1', '0', '2017-11-25 15:50:00', '2017-11-25 15:50:01', '0000'), ('D323A413-639D-4831-9212-6D5212A6E508', '192.168.1.166', '2017-11-25 15:49:20', '1', '1', '7B457895-5CFF-4F13-87AD-92663BEE9AA3', '5', '0', '1', '0', '2017-11-25 15:49:20', '2017-11-25 15:49:21', '0000'), ('D4098F62-A39D-4074-8BDB-BF82932CFFAF', '1.189.151.146', '2017-11-08 14:53:12', '1', '2', '7B457895-5CFF-4F13-87AD-92663BEE9AA3', '4', '0', '0', '0', '2017-11-08 14:53:12', '2017-11-08 14:53:12', '0000'), ('D5F1864F-5938-4417-98FA-B5F8CC6ADB79', '1.62.141.78', '2017-07-03 15:28:14', '1', '2', '7B457895-5CFF-4F13-87AD-92663BEE9AA3', '10', '0', '1', '0', '2017-07-03 15:28:14', '2017-07-03 15:28:14', '0000'), ('D62BD64B-B3EC-4216-9014-08787C2191A1', '1.189.151.146', '2017-11-08 14:52:55', '1', '2', '7B457895-5CFF-4F13-87AD-92663BEE9AA3', '2', '0', '0', '0', '2017-11-08 14:52:55', '2017-11-08 14:52:55', '0000'), ('D8CFB356-1636-4844-85D5-6CF4B1A35EF2', '112.102.15.49', '2017-06-18 18:25:04', '1', '2', '7B457895-5CFF-4F13-87AD-92663BEE9AA3', '5', '0', '0', '0', '2017-06-18 18:25:04', '2017-06-18 18:25:04', '0000'), ('DA249D56-7BD6-40F4-BF31-BD40F4B62487', '124.64.221.49', '2017-06-18 10:14:42', '1', '2', '95DD0456-5A1B-4244-A6A7-AE992E8C76AD', '4', '0', '0', '0', '2017-06-18 10:14:42', '2017-06-18 10:14:42', '0000'), ('DAF1F7EE-ADFA-4B89-A517-25F5CF5FD09B', '1.189.47.133', '2017-07-10 16:14:29', '1', '2', '7B457895-5CFF-4F13-87AD-92663BEE9AA3', '5', '0', '0', '0', '2017-07-10 16:14:29', '2017-07-10 16:14:29', '0000'), ('DB4FDA24-876B-4AAF-A220-F415C582CAEB', '221.212.198.36', '2017-08-10 08:59:46', '1', '1', '7B457895-5CFF-4F13-87AD-92663BEE9AA3', '5', '0', '0', '0', '2017-08-10 08:59:46', '2017-08-10 08:59:46', '0000'), ('DB6707CA-0520-455C-869F-542979E6B55B', '127.0.0.1', '2017-07-07 16:13:56', '1', '1', '7B457895-5CFF-4F13-87AD-92663BEE9AA3', '5', '0', '0', '0', '2017-07-07 16:13:56', '2017-07-07 16:13:56', '0000'), ('DD122600-8385-454F-93C8-64398F5FDC98', '1.189.151.146', '2017-11-09 08:35:47', '1', '3', '7B457895-5CFF-4F13-87AD-92663BEE9AA3', '12', '0', '0', '0', '2017-11-09 08:35:47', '2017-11-09 08:35:47', '0000'), ('DD35DA95-8A18-4CD7-B1A6-C070060D444E', '1.189.151.146', '2017-11-08 14:53:14', '1', '2', '7B457895-5CFF-4F13-87AD-92663BEE9AA3', '8', '0', '0', '0', '2017-11-08 14:53:14', '2017-11-08 14:53:14', '0000'), ('DD7C4402-A7E9-4028-B7A3-E895DCCC76B1', '1.189.151.146', '2017-11-08 14:53:08', '1', '2', '7B457895-5CFF-4F13-87AD-92663BEE9AA3', '5', '0', '1', '0', '2017-11-08 14:53:08', '2017-11-08 14:53:11', '0000'), ('DFD1B62D-0C94-43AC-AB3E-F50205D18E66', '59.252.170.7', '2017-06-18 12:00:09', '1', '2', '7B457895-5CFF-4F13-87AD-92663BEE9AA3', '8', '0', '0', '0', '2017-06-18 12:00:09', '2017-06-18 12:00:09', '0000'), ('E0B72A97-04D3-442E-A288-0B03C164C479', '59.252.170.7', '2017-06-18 12:00:06', '1', '2', '7B457895-5CFF-4F13-87AD-92663BEE9AA3', '3', '0', '0', '0', '2017-06-18 12:00:06', '2017-06-18 12:00:06', '0000'), ('E66456C7-8F0A-4EFC-B46D-2B51F5B4DF5F', '1.62.141.78', '2017-07-03 15:28:11', '1', '2', '7B457895-5CFF-4F13-87AD-92663BEE9AA3', '10', '0', '1', '0', '2017-07-03 15:28:11', '2017-07-03 15:28:13', '0000'), ('E70D3F7C-C3E1-4231-9E06-8EFB81954647', '192.168.10.1', '2017-06-18 08:20:18', '1', '1', 'FF6C251B-CE6A-493E-B367-0A4A64656C0F', '5', '0', '0', '0', '2017-06-18 08:20:18', '2017-06-18 08:20:18', '0000'), ('EF6A7CF4-BDBB-4D4A-820A-C72E75EB1596', '192.168.10.1', '2017-06-18 08:20:34', '1', '2', 'FF6C251B-CE6A-493E-B367-0A4A64656C0F', '9', '0', '0', '0', '2017-06-18 08:20:34', '2017-06-18 08:20:34', '0000'), ('F0C886C3-6C0E-47F6-8D8F-28B45F8B31A5', '1.62.141.78', '2017-07-03 15:28:34', '1', '2', '7B457895-5CFF-4F13-87AD-92663BEE9AA3', '10', '0', '1', '0', '2017-07-03 15:28:34', '2017-07-03 15:28:35', '0000'), ('F2AE9D33-B0B2-47C1-88D7-07AE8220EC03', '127.0.0.1', '2017-07-10 15:16:03', '1', '2', '7B457895-5CFF-4F13-87AD-92663BEE9AA3', '5', '0', '1', '0', '2017-07-10 15:16:03', '2017-07-10 15:16:07', '0000'), ('F43330DC-1825-4B8C-A1F3-127C8F1D948D', '113.5.2.24', '2017-06-18 10:30:14', '1', '3', '7B457895-5CFF-4F13-87AD-92663BEE9AA3', '1', '0', '0', '0', '2017-06-18 10:30:14', '2017-06-18 10:30:14', '0000'), ('FA0E0194-3DF3-4673-8F2D-076F39F9CF69', '1.189.47.133', '2017-07-10 16:14:31', '1', '2', '7B457895-5CFF-4F13-87AD-92663BEE9AA3', '2', '0', '0', '0', '2017-07-10 16:14:31', '2017-07-10 16:14:31', '0000'), ('FC9D9E64-DD6F-4AE4-897E-92FFFA535E3F', '124.64.221.49', '2017-06-18 10:24:02', '1', '1', '95DD0456-5A1B-4244-A6A7-AE992E8C76AD', '4', '0', '0', '0', '2017-06-18 10:24:02', '2017-06-18 10:24:02', '0000'), ('FCCEE1CD-B6E5-466C-8A66-F65936A9A746', '1.62.141.78', '2017-07-03 15:28:50', '1', '2', '7B457895-5CFF-4F13-87AD-92663BEE9AA3', '10', '0', '1', '0', '2017-07-03 15:28:50', '2017-07-03 15:28:56', '0000'), ('FD29C0C9-DC0E-41B0-9F74-F2BE2F18203E', '127.0.0.1', '2017-07-20 09:45:03', '1', '1', '7B457895-5CFF-4F13-87AD-92663BEE9AA3', '2', '0', '1', '0', '2017-07-20 09:45:03', '2017-07-20 09:45:10', '0000'), ('FDF3D083-8650-4DB2-A82C-409EE7D14764', '192.168.1.166', '2017-11-25 15:49:11', '1', '1', '7B457895-5CFF-4F13-87AD-92663BEE9AA3', '1', '0', '1', '0', '2017-11-25 15:49:11', '2017-11-25 15:49:12', '0000');
COMMIT;

-- ----------------------------
--  Table structure for `biz_ticket_people_2002`
-- ----------------------------
DROP TABLE IF EXISTS `biz_ticket_people_2002`;
CREATE TABLE `biz_ticket_people_2002` (
  `id` varchar(50) NOT NULL COMMENT 'id',
  `user_name` varchar(20) DEFAULT NULL COMMENT '投票人名称',
  `user_tel` varchar(20) DEFAULT NULL COMMENT '投票人电话',
  `user_sex` varchar(5) DEFAULT NULL COMMENT '投票人性别（0: 女， 1: 男）',
  `user_email` varchar(50) DEFAULT NULL COMMENT '投票人邮箱',
  `deleteflag` varchar(2) DEFAULT '0' COMMENT '删除标记',
  `cancleflag` varchar(2) DEFAULT '0' COMMENT '取消标记',
  `holdflag` varchar(2) DEFAULT '0' COMMENT '冻结标记',
  `createtime` datetime DEFAULT NULL COMMENT '创建时间',
  `updatetime` datetime DEFAULT NULL COMMENT '最后修改时间',
  `operator_id` varchar(50) DEFAULT NULL COMMENT '操作人id',
  PRIMARY KEY (`id`)
) ENGINE=InnoDB DEFAULT CHARSET=utf8;

-- ----------------------------
--  Records of `biz_ticket_people_2002`
-- ----------------------------
BEGIN;
INSERT INTO `biz_ticket_people_2002` VALUES ('1B059192-3553-4A0C-B27E-C90FABB3FE8C', null, '15011439924', '0', null, '0', '0', '0', '2017-06-18 10:33:47', '2017-06-18 10:33:47', '0000'), ('7B457895-5CFF-4F13-87AD-92663BEE9AA3', null, '', '0', null, '0', '0', '0', '2017-06-18 10:29:42', '2017-06-18 10:29:42', '0000'), ('95DD0456-5A1B-4244-A6A7-AE992E8C76AD', null, '13141339187', '0', null, '0', '0', '0', '2017-06-18 10:14:35', '2017-06-18 10:14:35', '0000'), ('983677EE-18D0-486D-A6F3-44AB20675994', null, '13122222222', '0', null, '0', '0', '0', '2017-06-19 09:29:07', '2017-06-19 09:29:07', '0000'), ('AAEE176B-F5B6-4E9C-8B20-F1DABC1B04F4', null, '13521148266', '0', null, '0', '0', '0', '2017-06-18 10:19:52', '2017-06-18 10:19:52', '0000'), ('BF50F587-6BA6-46E3-BA29-5F5174C2DB2C', null, '18697185865', '0', null, '0', '0', '0', '2017-06-18 10:15:41', '2017-06-18 10:15:41', '0000'), ('DA09E9F7-43AA-43AE-BDC1-FA0578452D68', null, '18500037413', '0', null, '0', '0', '0', '2017-06-18 10:15:12', '2017-06-18 10:15:12', '0000'), ('F7C1D808-4426-430E-A801-D5F79E22B579', null, '15104688335', '0', null, '0', '0', '0', '2017-06-18 10:47:56', '2017-06-18 10:47:56', '0000'), ('FF6C251B-CE6A-493E-B367-0A4A64656C0F', null, '13284527678', '0', null, '0', '0', '0', '2017-06-18 08:20:15', '2017-06-18 08:20:15', '0000');
COMMIT;

-- ----------------------------
--  Table structure for `biz_ticket_type_2003`
-- ----------------------------
DROP TABLE IF EXISTS `biz_ticket_type_2003`;
CREATE TABLE `biz_ticket_type_2003` (
  `id` varchar(50) NOT NULL,
  `type_name` varchar(100) DEFAULT NULL COMMENT '投票类型',
  `type_info` varchar(100) DEFAULT NULL COMMENT '投票类型说明',
  `img_type_id` varchar(50) DEFAULT NULL COMMENT '需要展示的图片类型id',
  `deleteflag` varchar(2) DEFAULT '0' COMMENT '删除标记',
  `cancleflag` varchar(2) DEFAULT '0' COMMENT '取消标记',
  `holdflag` varchar(2) DEFAULT '0' COMMENT '冻结标记',
  `createtime` datetime DEFAULT NULL COMMENT '创建时间',
  `updatetime` datetime DEFAULT NULL COMMENT '最后修改时间',
  `operator_id` varchar(50) DEFAULT NULL COMMENT '操作人id',
  PRIMARY KEY (`id`)
) ENGINE=InnoDB DEFAULT CHARSET=utf8;

-- ----------------------------
--  Records of `biz_ticket_type_2003`
-- ----------------------------
BEGIN;
INSERT INTO `biz_ticket_type_2003` VALUES ('1', '外观设计投票', '外观设计投票', null, '0', '0', '0', '2017-06-09 20:00:05', null, '0000'), ('2', '空间设计投票', '空间设计投票', null, '0', '0', '0', '2017-06-09 20:00:24', null, '0000'), ('3', '内饰设计投票', '内饰设计投票', null, '0', '0', '0', '2017-06-09 20:00:55', null, '0000');
COMMIT;

-- ----------------------------
--  Table structure for `dic_img_type_9001`
-- ----------------------------
DROP TABLE IF EXISTS `dic_img_type_9001`;
CREATE TABLE `dic_img_type_9001` (
  `id` varchar(50) NOT NULL,
  `type_name` varchar(100) DEFAULT NULL COMMENT '类型描述（0:外观，1，内饰，2，细节）',
  `type_info` varchar(200) DEFAULT NULL COMMENT '描述信息',
  `deleteflag` varchar(2) DEFAULT '0',
  `cancleflag` varchar(2) DEFAULT '0',
  `holdflag` varchar(2) DEFAULT '0',
  `createtime` datetime DEFAULT NULL,
  `updatetime` datetime DEFAULT NULL,
  `operator_id` varchar(50) DEFAULT NULL,
  PRIMARY KEY (`id`)
) ENGINE=MyISAM DEFAULT CHARSET=utf8;

-- ----------------------------
--  Records of `dic_img_type_9001`
-- ----------------------------
BEGIN;
INSERT INTO `dic_img_type_9001` VALUES ('1', '外观', '车辆外观', '0', '0', '0', '2017-06-10 11:00:22', null, '0000'), ('2', '空间', '车辆空间', '0', '0', '0', '2017-06-10 11:00:38', null, '0000'), ('3', '内饰', '车辆内饰', '0', '0', '0', '2017-06-10 11:00:52', null, '0000');
COMMIT;

SET FOREIGN_KEY_CHECKS = 1;
